original_commit,edwin_commit
0a19f0515a95d77da447f6027ccc4d08cc940dc3,cca323f4f3c3aee3c2f15ef3fa8010b548a711c3
2139e921f023b7d39d713cdba656fb845283602b,8fe99007a00845c9feb359c05231c0f21a5ddf2b
9d3206d8162f3b281ba2d5db5b79bf5900762067,862ad1d7a819e86ca623e064fa807c76e2508c02
0f0021c3bef2420737852bc0ffeea4d3ae06e175,e4c2857b0c91974b31919d18faf33519c8c7fecf
2a15e3d26c6e224fde18a21e0acec7bdc921da0d,1374b1fce8188c8dc67867d24871f6dfd39c9c2d
9eaa8a8de6c71a6ddc63d8407505f18fdc028a13,99eefb5f2f1a37516e4e8bbbc9bdcdb733faded4
05dbddf2cef4ae08266be3df2bf2907fd97c66ab,dd67f94d0e1cbcc934d5e419ceff8dc165a2650a
79ac7ef35bec87550d26ee4e1e82ee16a9e43d4e,7c7415327ce5116a2bfafcbbe05706c72244c6d3
e2e64dc233d046ed3602b677b2e0525313dd8326,fcdc75089f3f489afadb9084f5a6c90c8ea6a6cf
55042f8bf62593066f53e7dc0f0e5aabdb37653f,ff54bb9794f26114572ca41a902b387f124a9dda
cfecb0f0b3dfbc266cc555b270da8e9356285acd,25dfa824bb03df6f1ac1f606b7194261dc4a35eb
edbc5f6803af4e8084bd492d09695926ca684eda,68b0ba2e028def729233f009dcca43a2dd78cd98
ce554c981dad208a344a0b6d009569cc7158318d,1f04282a7e517fdd5ea3e7417a0a296b12861fac
06e8759b3d4760ca7fa7b79ef1c034b8a3bf9e2d,a4759e5a5f34956ba476d0b839b481bd6644d7ea
b22c2973726332c67e9298c9c27a44a73eea401f,244b97227069920ce460728b813e0833b115f088
2b4af945b37d82114c67f3a953fdc65b7716b5d6,4f8727934b9745e685b8196ac35022f124be5aa1
f257c0c3ff4cfdb7d10b40ad76d94331cc63a9d3,cbea9fe2b2b60bafae39744175df6b76f52b8d3e
e38272c8d26af15d91a3f38693e2e75a6ace721d,d56f0a4f760d3ce14eda2841653572ec8b436c4a
a86d2a93a0c913dcfd471c308cac01d1f0e5b023,3a23dc0ab87bd8c7b50c87c333e95cda8d57f72f
040c3a5933d01ae368b92a263270db66a09676f7,164fccb96cd3fea2b4b7df77cb2adef2b4ce7e5d
0c1d0635ac2e0aa7208ee1f8105353ed0092cd0a,d3784db92ebe07416e1d3c660f2e2953e86c769d
3288e892be96e5da90dfe4acec85901c1217d5b3,e1c4434709b29e98d8c192ea1d6f92aa04189f89
06e2bccc516adba41f12bba9c96e3c53e679157c,eb2cb3b3106264ca72045f568e1f1429873a120c
06d4c5d7e71ec58c1d7810d0bc992c32d325b75c,23e739438b7e6b22a23de8e6777b8cb38f410298
93b61ff64bdca253fe76784fc0df2b7aeb67d4f8,74cc6b5a8a3667a8ed309b7a5a632f771903571b
24b2a7b83d7883dd91e5272ef2f8606b69526e0b,fea027564ef7c3736ef86f45a5e3f7c749183896
70c55ba20962e4c14fd090dba51348c9a39a2df2,0ad90fc736a5d9e08a72ce4315339106b21d9b61
25ae7a0a51b9b5b8a47001c43afc9caba1b4011f,785ab77f672472179856ecccc40130eb0386bd94
80187a05228bd874ad3e162f799c3b6a3a7b8463,113ed2ef1969f3fad8e2d5ba61a20e22cbf266c4
38b37cc54102902cfacad4274fbb3c847abe6280,fd0a2008bffa0c8aa1dfc585385d889f19b044ad
c87f9c1ede5f83d3a14f35d4eaea240e00616aa5,3f661391ea4f084813d4d73b1c06e87980af2e83
0bd869a5d0670dcb740e3132c5bfa97fd860610b,5e85af191fdc31694f7200dbf0deda31d8f6709d
1e725a91d2eba3fe284c763a754c9917eacd1c41,24ab96125baf9dde064164ce631eaa1a2ab51be8
32923b10e1a59edf6ebf3d41505831ded0e65fa7,1629ab5ff0472b270d6be1c661ad1249278a4c2a
d44f3393852c2752e875b6bea9da312fb69b6774,add3b881bf3a633612162e963d2949281755b129
56391100478e84e030384c4f87b309f176cd0e8c,f439f87cadca1c52408865a7b734176310260c38
a85018c734063845c2fac37729678fdcda450f3c,72d94c535c26795934f6f8806b841295d72fc325
ed9f8f5ec26d64c1743cd5ffcc465e0d18e63fc9,28f1aff979dc69f0c32fa71786892a1e52672f68
98efdb644c70e645dc4c12c34441a94ca3513c46,793e12bdebc61c99f2c72d112b7d84c7f00a08f5
5be0ffe91453de6406ea3b01b8aaebf504b52857,7c64b6c5bc9a587848a873d890a4fec761a6385e
286814a1ac3525d7a10a3f55d8dfa6f3a1b9e3e7,6585b3d30cc66e954185d769f61abeabf01a7cfc
ac8484a129099d04864b668f64202277f4aa144f,e313f7156781b781377cfd78775ce9d6d4ccf408
220a7909db89cf17195790461d31ee4970c31e93,6fa9cc5d199e7f06ed9ebc40aed9c71ce5372869
1c4eb35df4f9de0a9999d6492ed62191fa8f82d7,25e8fa69c2f14e1719360b8405f0ca7417f11d4f
09b7fc9a30952d001381d8778648a137b530a10c,c6bf873f2f52b642bbfb892ef32abf38702e2dc8
406e0a8fce81b88d659ebff410b628e200ec1398,c83e8ce0ccd5adcd999310a646afe4222f31918e
4323d195911b4d8fa6ac2018240ac6fa031e9be9,f241ccd8206a5efd073fdcb67c0fffe1d6dbfd42
192cbbcad3f45b3920dd86df721b8d2d61894472,899ea44f08c3ec9b22ede70592f0a3505f535588
8441ccc9879b5d3177cce23f7cb19e8c1c81821e,2ac82d9a2cce253bf0b06d311c9a0fae275861c5
2a9ef2be8d7813f73312ec68a4ae2358b3adda9c,d358ab63ff70f35aea51e3a7c6e33c091ecef720
fe996e728c9b228380a18f15970f94e45d20224c,f98c62677a9cfa08f0b2fb05e56518cf36d0d5af
e38c2b77f40e6976d53ac466b9e4a7967a7a0bad,ca0dead3f5ba43e88b3a78213bdf849b4cf96768
b294f34334c6ea9f81a7d3085acc7e2cb15d6b32,9246e7bc7a397f0cf29eb930b4c1f073f5c3ed0c
88d9c7e66d1786bf0ca2782994b434af5c17cb12,0a111f0fe6b19101fc74e9634db15a738fb49f73
8134bd136c726c58bd302c70e91693742d90f2e0,b4df465afc03767d83b298196d472ab893de159c
eae434fb28c709842674c1fb92d0c1a583bbe3d2,577cf9686c796e4240d291bef6ca63d3f7122e66
fe4fe3534c763f5f3ba8ab7857810badbf0441ae,e04afc0ea037b885a28009b340966385625deeff
2a69e3bee4bf9df5696130a5c4ab7f851bafb8f2,c7538833568a65c11fc446c67a9c09f279dcda37
cde0cc8fe0a92e49d572947bc8938ba3a546eb0d,0cde6500d2012a47cff8abf2325a6f0bd8d10991
ba6453c20c2582e96fa0cbea33c65d51fa914cc9,d5949296f8a5136a7d758a9290a586f2bd8071ad
5457ed0d6bab41418138b6c1b388d5f9d26eb8ea,75a119a7126dc532e5d1b9e4af5175282adc25ae
70c1536afcdeecdf96835d627f0ea109840a299a,7cf9a35b0d2cf59469d8834c8412e8b61f9b555f
cfb50150d1dc559cbc4bbc1d17015012e6b04ed9,e789446e6e8e1497b290fb4c25ff4f32ce10a6c7
a1aaf0c8a5dbf1e2d52d759a8bc9dc09e5fb9fa9,db5c1b56ddc03087f69e519186926638c499aa7e
80eafe546cf6772fdee2cf462d34f447bf438d89,b6ff067c2e1f561927b9425ca6d0eb507e1b066c
c2ed6114315011d185aa814a46ef525100e4f5b4,aa3c5f0758ae8e83397b97ed5f82abb0b461bdd3
b4562b380d70ad0463d88a9a8dfe64e62f062312,00015863f3a54f38b30e781c971ef31b0ab14758
975d6ba49b3e6f18a70309df84a9e0bbdeb945eb,929d200496b9fd88dc4131f6dbc14371e87dc176
4a0958dc7441a304ea08d52b001d8470fe2e40a6,a9362ba2ad721f18c2eaedee9d567a544f42d4db
7af20545dd32be7b86248e718bdbe77f50911013,54492f52ae24cf552d7d3e9da5548eba1e0e5c38
c16d2c1507214c17fcefaa44596c0385788e47ae,87b8f59e44f278d5ded6562dc778eb8fc0298b81
da0e072ce49d92b6e6ee37b97c95962343300968,d1e1089e53973f20dcc690406402e953eee293df
1b6ab44297140a145d9efd279278b3799a0ae66e,b5229b9d6292687cc39b5aed839aceb2f30e7bf5
d34f8767680af6c59e6f764046b18bd93b31e1bd,45695552cbf33b2fe5057a94a32e3f7a89127f45
b03257ec986cf5b5f9abccd14e24fe42040757d3,9f77a49f57ea0d91ec0b99b11ef69e06215e9e12
c3c7465e2f3c54a4514ad5e13342c00ef60150ff,b26e728581c483cc6752b79bd959e7c1dccac48e
5972306b84f13fdd3a11aa8e46c38da21f0adcee,fce07794d648ec4a05249a681076791b6fe5603a
8bf7364197e8ba292d1d858097fbf4538ea96877,e11c697d25e1715092e5da40bbdd792051f64445
2e04250504f52373f2cc75501a5c252400a58016,6b8bd5c3710bc1d67df58ed15823dccb013394d4
377c9020d17a965df97ae4c002f2f56885c7e74c,72acef0a4a814edfb569daef23917d6dbc98a1da
1bdd1ff468c59625f89c60bebf4a4374ed6592b7,ce132b326660cd416f07b4f24cee8d32b9c51fc0
a97cc62f094fe9a33276cf6ac8b0d0b54e152b0f,9621ccd47981086c84db69870354083fc617c14c
134b22a307f5a6a134d93dd29411e694bf1a5517,46c56ad2a390cb68c2e3bbc655e0a1ce46644310
29a49183f2cbf8a6a17dfc07e1f897478a02d61e,5c451e6d3815da736992401f865f248ffc3d2da1
cc530899202699a494d4d080f1fb321b54578da7,3f5a099513ab4c6f1bbe1cfaee3fe2f3153f3dc0
8bc13d1822253188805e6fee8520ab9403221a67,3f48c0f9d0bcb8e264d0d461bfae1c170d557571
83b4dc243fafe3eb3320c4d16a419cf2f7c000cf,bc5e3baa712d5e344316270d43f01d27ede677d4
103626cf3ad9edce41db266f4584e4c124e783b0,1f2271afea8288ca2587f456e325c090ba6fae94
cc08a5fe516b6a5a0367aea06a3a262217b62fb3,a678b60095630d102540ea9cb8cbca61f8e7fc3d
986fe14991e9ce7e9b783e39d457160459b63c59,cdbce9f2c4cb217ad246b5ab14b3fda30a9cc53f
3d66911d4b90bc3eb1bdb0daee43fdf435f9268e,25b8a8e513394f9716771ca836093e01a6095d2a
279845236ada6b53148a823e711a3178e4852807,12210b7878fd7b3f015f3dcb818f867fba37265d
0b0311067c03ea035cff3609ea75aa89531fb7c1,e7de7c1a888d25c006a6c8444774268d5cc26709
07e708ddf945e4ea91c4277614ba6a427d618e13,ac2dba6a34ae5135f129bca3dd39da1f485d0bbc
33e00aedba24a208ec1d6a08ecd7e3646c13d2e4,4df79b9af6092aceba233b07fcd9a520b9402b09
3859c16995b4a9f1fa0c23a88fa28ebdd66ab268,14eed08b079cbdb9a4095500eeb1106c1b0c3e50
ed2e994c141f3e107072bb66880726d23abc6ddc,d4772eee4170dd0d9bcf4d20d0016b82fdce4077
48fad177a38b702e95328832c6084d524c6d0439,dd7d8780b11e6f6dcda0234fc13b4403b247e69f
1643726d1baae0069e652792d86d09b5527d3cd1,9a7d3ae024dfa4655d17d922df2510702a0c8501
b423fd1f06197bd06d8680c9d59dbb772d13a6ff,656c19c3ea33a4a3df5af52bfd0a4dfb4c8cfaf0
3b56cd010eb5cb8a031f5774072f65c352e649f4,603c8aae6a3ed2100e5e8eea9f7cc0674f4fcbab
7cd422fc6a3aae1543e38200bb97b1d46e3810cb,97b1d78db82fc6a8dc6ff7663423c448b3998edc
8b404e78720ee05f64b2acd5ca4bcce8e72dd1f9,200a4199a44efc1bc81f019e0c695a36fe87951d
ed9e2285e195299fcc1e82432296a38bc06fa613,7ef6cf68fee1710694d9a45e1297b562ec15fb46
c1522e12ae65ac8b5aca1aa230c7e4d4a3797d77,d630b0933b90bd3fd0b6b23100dfcedab224406e
9570da452f26098351f18243b4b499991e91c69a,da47a015b1874c880c1bef281f3e4003884d6b89
